,EDA_mean,EDA_std,EDA_min,EDA_max,EDA_phasic_mean,EDA_phasic_std,EDA_phasic_min,EDA_phasic_max,EDA_smna_mean,EDA_smna_std,EDA_smna_min,EDA_smna_max,EDA_tonic_mean,EDA_tonic_std,EDA_tonic_min,EDA_tonic_max,BVP_mean,BVP_std,BVP_min,BVP_max,TEMP_mean,TEMP_std,TEMP_min,TEMP_max,ACC_x_mean,ACC_x_std,ACC_x_min,ACC_x_max,ACC_y_mean,ACC_y_std,ACC_y_min,ACC_y_max,ACC_z_mean,ACC_z_std,ACC_z_min,ACC_z_max,Resp_mean,Resp_std,Resp_min,Resp_max,net_acc_mean,net_acc_std,net_acc_min,net_acc_max,BVP_peak_freq,TEMP_slope,0,1,2
0,0.2884214783137219,0.006167958176375423,0.27347185844032135,0.3028619665871306,0.008324702716823543,0.008438487716441486,0.00013463406004666936,0.03533124917358263,0.006319407233504798,0.023668337034261886,5.032573148489039e-08,0.15812886491877165,-0.7568067567989449,0.008956074667665837,-0.77062723793027,-0.7443385904015307,0.5855002826455623,49.48402135713324,-153.86,145.64,29.370900900900903,0.015347463488949437,29.33,29.41,2.9169119920249537e-05,7.105230967621513e-06,5.517370079811242e-06,5.1863278750225675e-05,0.014123708853083363,0.015628941225541943,-0.018540009292274215,0.05300081486283662,2.502852446944223e-05,6.09663396154437e-06,4.7341720431427655e-06,4.4501217205542e-05,0.036375856568651714,0.008860701429182218,0.006880531987530299,0.06467700068278481,0.017181596010112907,0.012183143725579429,5.431418461266541e-05,0.05300081965450434,0.14019219898247595,-3.3345033345028267e-06,False,True,False
0,0.2970989240266732,0.005458889033862977,0.2845493326808916,0.3049971484490643,0.0031211687344444633,0.0031789062620367417,7.221103827162761e-05,0.009928502081699453,0.0016893925531231075,0.011268738407063217,8.74491144359224e-08,0.09155737170645545,-0.7366402014119668,0.008395538486916683,-0.753341788403286,-0.7250484865332029,-0.31423076923076937,24.518486502895506,-79.6,107.41,29.400909090909096,0.018301524203103495,29.35,29.43,1.96915187803218e-05,4.7295972558628025e-06,6.069107087792367e-06,4.248374961454656e-05,0.0341494237469634,0.005324726648754697,0.010328149727985333,0.04406949009121065,1.6896281443569488e-05,4.0582246215386086e-06,5.2075892474570424e-06,3.64531247321993e-05,0.024556649797124543,0.005898126233397934,0.00756858518628333,0.05298009630398331,0.034149435405754464,0.005324718728815666,0.010328152824040227,0.04406950568846384,0.13122171945701358,0.00019187160471563733,False,True,False
0,0.2837552241402407,0.0030591935549359865,0.27408258933099583,0.29444382375752975,0.004106371309712683,0.004795767551123484,2.558686448213856e-05,0.01881867718648388,0.0033739695061540164,0.017205598241734822,5.883903786418898e-08,0.13414326292594042,-0.760935699450205,0.004676333518461559,-0.7699041401744136,-0.7537799352510476,-0.8687443438914028,32.60091483549462,-136.38,154.81,29.416666666666668,0.018157559574374402,29.39,29.47,2.2839665237625863e-05,4.2373388438466124e-06,8.827792127697988e-06,4.303548662252769e-05,0.029472296114301525,0.008236199223005844,-0.015100411639117238,0.04819513592129615,1.9597544315245067e-05,3.635842947215862e-06,7.574675269028425e-06,3.6926541936513574e-05,0.028482600401774184,0.005284246848652342,0.01100885118004848,0.05366814950273634,0.029742167399913637,0.007199828778770295,0.0007416311508816939,0.048195148033922615,0.12669683257918554,0.0003653913653913576,False,True,False
0,0.2843585511090908,0.004808611549311171,0.2678097309474245,0.2927035219846266,0.006537528049190031,0.004065651692108068,0.0007387598319424653,0.01500263145317651,0.004873201488454289,0.01846958106757177,4.82689677394621e-08,0.14507654574717066,-0.762370022276775,0.0077499414559244915,-0.7725830359096987,-0.749901846036389,0.9091746749576035,31.62454714674987,-103.07,132.43,29.404545454545456,0.023132500812237472,29.35,29.45,2.1455329622578202e-05,4.1688193408278875e-06,1.434516220750923e-05,3.8069853550697574e-05,0.03145383137556147,0.006869539338114321,-0.009587965961794943,0.04062855575683733,1.8409716985868296e-05,3.5770498789770204e-06,1.230884731217119e-05,3.2665787097685084e-05,0.02675624067911104,0.005198798414802469,0.01788938316757878,0.04747567071395907,0.0315635881043141,0.006345627012098775,6.418949090587729e-05,0.040628572018105415,0.12662521198417184,-0.0006109595834366346,False,True,False
0,0.27782882421424376,0.0016353308291972711,0.2718938225401527,0.28175464213630136,0.0008384888570810563,0.00121105613271376,5.816598149056349e-06,0.004863274911658846,0.0006922261537530555,0.004859171105638603,9.461871986610193e-08,0.04964215465336592,-0.7681425747838752,0.003086627371026626,-0.7771449460915303,-0.7637177751725361,-0.471131221719457,20.141082409934636,-58.62,64.31,29.394684684684684,0.01808162401293404,29.37,29.43,2.3390778108720127e-05,1.397526341707939e-06,1.7103847247414853e-05,3.475943150281083e-05,0.02896626388847436,0.0018833334596359268,0.01860884837491586,0.03580082157522721,2.0070425979735453e-05,1.1991456148063313e-06,1.4675933333742575e-05,2.9825283871799426e-05,0.029169875259804644,0.0017428094469723596,0.02132964916134393,0.04334735152144089,0.028966280516952807,0.0018833308037876856,0.018608879745436385,0.03580082961383261,0.12217194570135748,0.00044752544752543776,False,True,False
0,0.27538897641930166,0.004840235817619795,0.2656079957544625,0.28672896260159053,0.004963428726324972,0.005195604344723918,5.021056948957519e-05,0.01713727786347917,0.003794821442291523,0.01932630025951315,6.176653724598857e-08,0.15323356759530438,-0.776296061114306,0.00492355205442887,-0.7826793962916657,-0.7690312766014666,0.5657377049180325,25.768190223816656,-101.96,132.13,29.414727272727273,0.014820583932155497,29.39,29.45,2.1482831139007416e-05,2.59348903250603e-06,1.1034740159622484e-05,4.358722363050881e-05,0.03184051445784149,0.004415908111943599,-0.006147031627421621,0.0371762596321251,1.8433314625384923e-05,2.2253398076040384e-06,9.468344086285531e-06,3.739995914082785e-05,0.026790536921842554,0.00323425544948713,0.013761063975060599,0.054356202701489366,0.031881974707453006,0.004105620464532974,5.9251837759271344e-05,0.03717626691126546,0.14471452798191067,-0.00010387034240245027,False,True,False
0,0.2756985813468118,0.00383807336536404,0.26370468905413086,0.28139804916184813,0.0038631410368495833,0.0054483630075671955,2.03469034941154e-06,0.020514855145143472,0.0036748183938519192,0.014045355919023679,4.374046003174925e-08,0.09976620893218974,-0.7747534887586245,0.00781738340846043,-0.7922308317495632,-0.768588393733322,-0.7575226244343892,25.44583081149236,-90.37,96.76,29.432162162162165,0.01123350551660704,29.41,29.47,2.2488900307212525e-05,3.6358589895853006e-06,1.1586477167603609e-05,3.586290551877307e-05,0.02942906247928658,0.004879473892850889,0.008298075502742981,0.03993248247078625,1.9296570934221737e-05,3.119743959950736e-06,9.941761290599808e-06,3.0772118280427976e-05,0.02804517291568911,0.004534160971280562,0.01444911717381363,0.04472345791894695,0.029429080062869758,0.004879460156299987,0.008298197921697378,0.03993249202701867,0.12217194570135748,9.582309582309377e-05,False,True,False
0,0.27343954825670763,0.00544112497327775,0.26222127257604455,0.2833408977517134,0.005348126069499425,0.003791662066974285,5.5728438773113335e-05,0.012367565096599278,0.003313293271340364,0.014790265652394661,9.437716300131349e-08,0.10461423547199336,-0.7803686382827013,0.011049653514395361,-0.7941000568487372,-0.7647754042829927,0.7238009049773756,38.14764300913216,-186.6,231.46,29.390363636363638,0.01816980420424694,29.35,29.41,2.218182495887914e-05,6.807016571426772e-06,-3.86215905586787e-06,4.689764567839556e-05,0.027872009061769298,0.009741634183628136,-0.009595986049092998,0.046817692842573755,1.9033085340870352e-05,5.840751496365209e-06,-3.313920430199936e-06,4.024046236671351e-05,0.027662229280184032,0.008488807997623582,-0.00481637239127121,0.058484521894007546,0.028155170453612457,0.008889188449331255,7.406479719908917e-05,0.046817704272958234,0.07692307692307693,-9.593580235781866e-05,False,True,False
0,0.27866550907329213,0.0023545013982130473,0.2675082013530549,0.2833364525003522,0.002038800253847046,0.0039226932480987695,6.046008373491997e-07,0.013936966539147753,0.0019101463295677576,0.011669693919681236,5.254203131258017e-08,0.1165583694285929,-0.7678865882870854,0.004032693658965059,-0.7776839454288723,-0.7643675698040044,-0.20339174674957586,23.561425176819217,-81.45,146.35,29.448738738738733,0.019122434093688755,29.41,29.47,2.080934794468175e-05,3.0011382121018626e-06,6.620844095773492e-06,4.08285385906032e-05,0.03311169295249954,0.004278092636722307,0.003464326255659317,0.04405411825722272,1.785543326814739e-05,2.5751226428201052e-06,5.681006451771319e-06,3.5032873119256466e-05,0.025950658031249744,0.0037426214244582283,0.00825663838503636,0.05091593670772422,0.03311170602653532,0.0042780811301065995,0.0034644251168625528,0.04405412296022727,0.13566986998304126,0.00046595296595295624,False,True,False
0,0.27568765577803644,0.0032316597311996113,0.26638208647139994,0.28759997466680826,0.004890977492503992,0.0036615920748962337,0.00046966033556141156,0.013059180162206373,0.003926227457187646,0.016332083093691625,8.475473302349545e-08,0.13535131735910916,-0.7757620871261021,0.00190934153583688,-0.7790535130125271,-0.772876038411057,0.7837556561085973,26.24219460381454,-62.68,122.13,29.45472727272727,0.014820583932155497,29.41,29.47,2.024387992518978e-05,3.875066894131078e-06,1.4896899215490354e-05,3.8621590558678696e-05,0.033553883850123374,0.005699416183076182,0.0027889715284615422,0.04061919898832293,1.737023418770765e-05,3.3249959836174403e-06,1.2782264516485466e-05,3.313920430199936e-05,0.025245481336600144,0.004832469334701713,0.018577436366331808,0.0481637239127121,0.03355389807133746,0.0056993971444567,0.002789258147381566,0.04061920742010696,0.13122171945701358,6.203367671257447e-05,False,True,False
0,0.27924017239341287,0.002092058162564212,0.2761693870691048,0.28517715318950393,0.0012317469745641543,0.001589196963248242,3.702253193377409e-06,0.008207469269490073,0.0004964448126873978,0.003398445547599926,1.0020527889951277e-07,0.03348233916925648,-0.7660648333582389,0.002919152137813929,-0.7725970389016106,-0.7612826062993425,-0.40146975692481646,34.97837575345523,-122.75,182.48,29.491261261261258,0.028829187139461296,29.45,29.53,2.9498291830095907e-05,2.853070677928024e-06,1.3793425199528107e-05,5.2415015758206804e-05,0.01643783224667673,0.01321378549026784,-0.04191510451284844,0.05232412345442251,2.531096998794837e-05,2.4480734924743934e-06,1.1835430107856916e-05,4.497463440985627e-05,0.03678635610417895,0.0035579712395946666,0.01720132996882575,0.06536505388153785,0.02006323229894595,0.006490377234813111,6.122689901791373e-05,0.0523241350910287,0.12662521198417184,0.0008169533169533419,False,True,False
0,0.2826161645777036,0.0029585293396987887,0.27494979145937076,0.29122449127285105,0.001238432514461118,0.0016424019215662265,2.1975762064323367e-05,0.006520596796328815,0.0008973679135520188,0.007099628452329081,7.520354183832012e-08,0.06895483710730765,-0.759955137281346,0.003873435884952086,-0.7651277579555351,-0.7550508058919285,0.016595022624434567,41.56120587639892,-196.48,162.9,29.51472727272727,0.015779971681065458,29.49,29.55,3.007403589317927e-05,3.6824854102751067e-06,6.620844095773492e-06,4.193201260656545e-05,0.018125068247992253,0.00597917086756073,-0.015783118113004896,0.050245260364783634,2.5804986413895266e-05,3.159751698077493e-06,5.681006451771319e-06,3.5979707527885024e-05,0.03750434771709814,0.004592307257351557,0.00825663838503636,0.05229204310523028,0.018320500654954126,0.005349894229036847,5.33266539833442e-05,0.05024526392025718,0.0904977375565611,-0.00018826499560444418,False,True,False
0,0.281457085414669,0.0024803167958257735,0.2773169428935696,0.289974446246876,0.0023467678461530734,0.0025849558116655424,3.688232642210094e-06,0.009459109532458964,0.0018087993225863316,0.010908812920635218,8.541724878796675e-08,0.10164272823481714,-0.7631612573564069,0.003048970321777915,-0.7664225039673168,-0.7565338227431142,-0.09077444884115328,29.845467030765413,-96.25,158.33,29.52963963963964,0.027762889813167126,29.49,29.57,2.911224095053344e-05,4.320152647916844e-06,8.827792127697988e-06,5.4070226782150183e-05,0.01846792978755294,0.0062759766503350505,-0.0034008338978830425,0.03856907454483544,2.4979719545288596e-05,3.706901221419757e-06,7.574675269028425e-06,4.6394886022799105e-05,0.03630492466361576,0.0053875212383836515,0.01100885118004848,0.06742921347779694,0.01848334978721049,0.00623048589518589,5.727677650062896e-05,0.03856909680642853,0.12210288298473713,0.0007525447525447506,False,True,False
0,0.27968886492562944,0.004781510312271144,0.271661274755224,0.2920834139867002,0.00815051646104939,0.009765451421838215,3.542694179110159e-05,0.02977294305887358,0.0063470343564872266,0.029590968177783627,4.274874237930604e-08,0.25354035693622085,-0.7722564369424518,0.005163342853269367,-0.7798607873158886,-0.7643319892961525,-0.21786764705882347,27.806975452075328,-110.79,150.05,29.606363636363636,0.023016837583464785,29.55,29.65,2.4478024565624107e-05,5.03861929672318e-06,7.172581103754615e-06,4.138027559858432e-05,0.02755255747897937,0.007722205086975994,3.408537101673675e-05,0.04474150311536758,2.1003336352943004e-05,4.323380571818125e-06,6.154423656085595e-06,3.550629032357074e-05,0.030525744798523848,0.006283497525559736,0.00894469158378939,0.05160398990647725,0.027552602281427016,0.007722115340668942,5.036406209538064e-05,0.04474150742125638,0.13574660633484165,0.0006048283479476011,False,True,False
0,0.2787126740086422,0.0021526709397794216,0.27285446219970005,0.28163393923510194,0.0012220728108367676,0.0015836376742629319,3.557219700876807e-06,0.006349349743762427,0.0012560593427511553,0.007005808673572946,1.082961324991305e-07,0.05978543353994854,-0.7668726227355109,0.003055747151299061,-0.772339178113578,-0.7638299579049862,0.5354355203619913,20.413996927392347,-70.86,46.24,29.66081081081081,0.014717653909824532,29.63,29.69,2.4540438254309757e-05,3.153326235453069e-06,2.1517743311263846e-05,4.027680158262207e-05,0.02864231009472039,0.005338111634449965,0.00209958164849217,0.03374601874748252,2.1056890335331495e-05,2.7057073734124544e-06,1.8463270968256787e-05,3.455945591494219e-05,0.03060357887078098,0.00393241013676857,0.02683407475136817,0.050227883508971186,0.028642332684446024,0.0053380899567364685,0.0020999351801267965,0.03374603604640026,0.13574660633484165,0.00027132327132330125,False,True,False
0,0.2852780199879536,0.004290537285072613,0.27367961908732785,0.2928122127080284,0.003794197041993149,0.0029300951641423926,0.0003660796903632283,0.011532264805739663,0.002639230845151951,0.011980342465137402,7.561584985937841e-08,0.10103211507418412,-0.757954212435045,0.007282667940831098,-0.7718143120866526,-0.7495178153665318,-0.5775635952515544,28.219220620756474,-139.03,171.38,29.68672727272727,0.014721206753304978,29.67,29.71,2.3942892419791045e-05,3.722760425877082e-06,1.544863622347148e-05,4.524243465445219e-05,0.02911460546848184,0.005411181168075717,-0.0006359226313156678,0.040615188944673905,2.054416692846304e-05,3.1943096215341217e-06,1.3255681720799745e-05,3.882021075377068e-05,0.029858398980915385,0.004642532913622407,0.01926548956508484,0.05642036229774846,0.029116068469643996,0.00540338914320933,0.000638445937905215,0.04061519480065778,0.054267947993216506,0.00010675562969140723,False,True,False
0,0.28270218665787317,0.0037920940541059257,0.27376371532427946,0.29286044542909445,0.004634563018943324,0.0038788420040423884,0.0006952112615951915,0.016960962046385624,0.0034804520439896897,0.012011304484403351,6.149252103349045e-08,0.059870626749739614,-0.7634312761778504,0.00429082977517816,-0.7682141873579728,-0.7529999161645702,0.32782239819004483,60.255323927758184,-304.8,166.71,29.777747747747746,0.0533374281802302,29.69,29.87,2.4361935104668804e-05,7.761224443333079e-06,-5.517370079811242e-06,4.303548662252769e-05,0.020190870301197383,0.019073860009086993,-0.022668996825400568,0.05643372910991189,2.0903725945700403e-05,6.659508289036281e-06,-4.7341720431427655e-06,3.6926541936513574e-05,0.030380973424125584,0.009678769463037766,-0.006880531987530299,0.05366814950273634,0.02586432800513425,0.010110644789163127,5.9251837759271344e-05,0.05643373098303838,0.1085972850678733,0.001575289575289565,False,True,False
0,0.2847478091932295,0.0035218193185775543,0.2763149920990668,0.2955019145055797,0.002427963900794707,0.0020476694506940092,1.3544143937450193e-05,0.006464165895934124,0.001831814340633191,0.009533034400728557,6.080947026476657e-08,0.06228223757912859,-0.7575015611578189,0.005475377530832295,-0.7656397846841052,-0.7484304340274518,-0.17654607122668145,33.95549388601595,-154.53,145.12,30.01672727272727,0.08060674831071944,29.87,30.13,2.4210269841162683e-05,4.932904539805773e-06,7.72431811173574e-06,4.358722363050881e-05,0.026335686587834698,0.007632673811713928,4.3442139531135075e-05,0.04268536360640654,2.0773589768496368e-05,4.232672165547299e-06,6.627840860399872e-06,3.739995914082785e-05,0.03019183662854076,0.006151664105650899,0.00963274478254242,0.054356202701489366,0.02633573588238537,0.007632573042051835,6.418949090587729e-05,0.042685373023048395,0.06783493499152063,0.002473863354597295,False,True,False
0,0.29080029734706747,0.0025439741602782777,0.2819519120400635,0.2961709167048708,0.0019992250551756595,0.002905771110799805,4.211375590837476e-07,0.01008412636604924,0.0016323616990781755,0.007963431884283185,6.81302686628138e-08,0.05723545768574935,-0.7464462368839668,0.004064809722576821,-0.755991915438051,-0.7418073245064669,0.6827941176470588,29.423610371777347,-161.04,169.07,30.148018018018018,0.03546624053736561,30.11,30.21,1.9079864631202452e-05,5.483497541504614e-06,-4.413896063848994e-06,3.2000746462905206e-05,0.030428992513211437,0.008676009399355596,1.0025109122569633e-05,0.044754869927531,1.637145241616226e-05,4.705107756795853e-06,-3.7873376345142126e-06,2.745819785022804e-05,0.023793875889004668,0.006838290651541184,-0.00550442559002424,0.03990708552767574,0.030429035650059052,0.008675897411186687,1.4812959439817836e-05,0.044754882971243734,0.14027149321266968,0.0010147420147420363,False,True,False
0,0.2853280565552768,0.001638097135470789,0.281463793994678,0.2888373560462372,0.0009299936540946551,0.0009437622667406609,2.233933991389709e-06,0.0028726165535222677,0.0006376162778013969,0.0030712774481161556,8.448966826429122e-08,0.021206520123978695,-0.755190447418411,0.0026205281967305667,-0.7583596168120489,-0.750855914965004,-0.9786772187676648,35.608537637215946,-119.66,89.06,30.241531531531532,0.020984764958424995,30.19,30.27,1.1497949873667656e-05,1.2455575056302136e-06,3.86215905586787e-06,2.2621217327226096e-05,0.0017134581901814994,0.0025615136440555767,-0.008241934891656592,0.006894567140301897,9.865800564031868e-06,1.0687489575618478e-06,3.313920430199936e-06,1.941010537688534e-05,0.014338717677516532,0.0015532940759504627,0.00481637239127121,0.02821018114887423,0.002717290190581644,0.001452179831536854,1.6788020698460215e-05,0.008241950410582,0.12210288298473713,0.0005438750438750317,False,True,False
0,0.2864045798926784,0.0019110096351703664,0.280172732981985,0.2891248526270668,0.0005899150973513822,0.0006946321414636172,1.901586818504301e-06,0.0024107607069443248,0.0004580104153039238,0.0026277970951535984,6.762391150695601e-08,0.01858196214804093,-0.7524702601790944,0.0025181194176704656,-0.7580501338111114,-0.748074325018461,0.19412895927601787,28.68175744058165,-74.66,67.54,30.29454545454545,0.013453035102206861,30.27,30.31,1.1569625471658482e-05,1.0845945893565243e-06,9.379529135679113e-06,1.7103847247414853e-05,0.0031250426077709635,0.001699861001691219,-0.006859813428676989,0.004831075884650979,9.927301715354916e-06,9.30634941792998e-07,8.048092473342702e-06,1.4675933333742575e-05,0.014428101974304204,0.0013525624813308082,0.01169690437880151,0.02132964916134393,0.003465994375254893,0.0007999946498947202,1.975061258642378e-05,0.006859850450328129,0.12669683257918554,-1.5778914861483333e-05,False,True,False
0,0.2937562747035505,0.014195358839144516,0.2859031638841631,0.3613952363876262,0.04115529960334191,0.04022835106816772,0.0005707478377281534,0.16854391855017029,0.03167710907800033,0.1341433410702909,2.781330854517705e-08,1.3698243252043532,-0.780627657664534,0.0242785335244254,-0.8164070594903914,-0.7460883246813875,0.09248868778280524,35.56393284550516,-132.41,188.86,30.30225225225225,0.011807908342576744,30.29,30.33,9.493746185973849e-06,5.474562067091133e-06,-1.3241688191546983e-05,2.3172954335207218e-05,0.006397007433892253,0.005439242345022764,1.0025109122569633e-05,0.02959497597428651,8.146096261113644e-06,4.697440684885033e-06,-1.1362012903542639e-05,1.9883522581199616e-05,0.011839340731032056,0.0068271475133002526,-0.01651327677007272,0.02889823434762726,0.006397070349597022,0.00543918745144594,1.4812959439817836e-05,0.02959497748337454,0.12217194570135748,0.0002292032292032243,False,True,False
0,0.2901798917946105,0.0011503657342349168,0.28696236788961116,0.2931917250623344,0.00015949908790834305,0.00020578306439616312,4.846354103508373e-07,0.0006928420039244696,9.792301199717344e-05,0.0007208623991127984,1.1282051654015746e-07,0.00567417471291914,-0.7458604268591725,0.00046325237550585866,-0.7466025828399946,-0.7447747088531654,-0.11963256076879561,31.95472715209617,-90.48,129.64,30.342363636363636,0.02045031000537987,30.31,30.39,1.1515949699388826e-05,2.345276852756598e-06,1.1034740159622485e-06,1.7103847247414853e-05,0.005972147951375354,0.003538701063278035,0.0013928149127103427,0.016523970219803463,9.881245290500811e-06,2.0123616776002065e-06,9.468344086285532e-07,1.4675933333742575e-05,0.014361164672163073,0.0029247181486071754,0.00137610639750606,0.02132964916134393,0.005972176470743618,0.003538686797623094,0.001392933493406233,0.016523974314025393,0.12662521198417184,0.0004450555643216415,False,True,False
0,0.29159625532348793,0.0012283872099743494,0.2875316170863678,0.2938812738760365,2.16548228123092e-05,5.099284165089128e-05,2.772342337878126e-07,0.000265713602814891,4.054237569682016e-07,4.5024955255003e-07,1.1164178645960143e-07,3.5146579157807004e-06,-0.7430205188511201,0.000611425919600016,-0.7447187491959175,-0.7424865948431029,0.09786764705882352,24.977391511828472,-82.44,96.98,30.400270270270273,0.023333918326584612,30.37,30.45,1.4307713994297842e-05,8.471973236418551e-07,6.069107087792367e-06,1.82073212633771e-05,-0.0033170801621677163,0.001486878667982952,-0.008237256507399392,0.006897908843342754,1.2276714922738093e-05,7.269365343620122e-07,5.2075892474570424e-06,1.5622767742371126e-05,0.017842682724224502,0.0010565121064467853,0.00756858518628333,0.022705755558849988,0.0035341362146047777,0.0008499312481648903,1.185036755185427e-05,0.008237283488432,0.13574660633484165,0.0005921375921375797,False,True,False
0,0.2941293387960052,0.002423422336001306,0.28905232290007377,0.30319805096447894,0.003105065785223609,0.0031900283258055923,2.8851119308889915e-07,0.011589323370077682,0.0024111706270113077,0.008431010654810944,4.6573292972196256e-08,0.04785624970708022,-0.7418994024221031,0.0018263482892701486,-0.7437889470087007,-0.738061963437603,0.0035952515545504085,31.421542455448062,-104.02,208.27,30.445636363636364,0.014684902858944558,30.41,30.47,2.092922383608398e-05,4.455017176619415e-06,9.931266143660237e-06,4.193201260656545e-05,0.019339044549129592,0.017296338589835068,-0.013030236977384606,0.04542420958925523,1.7958292616988223e-05,3.822621550518504e-06,8.521509677656977e-06,3.5979707527885024e-05,0.02610015133936494,0.0055557063864339305,0.01238495757755454,0.05229204310523028,0.023129623357712462,0.011747390640315762,6.122689901791373e-05,0.045424211689479556,0.1537591859807801,0.0002885287288956952,False,True,False
0,0.2934999875052269,0.0034480460539442165,0.2814044771572151,0.30427118428706945,0.0024350847797115654,0.0030857249656743697,2.1223461681600314e-06,0.011230479245091332,0.0018685086716691214,0.010259069176036651,4.098962227971903e-08,0.08267119978728338,-0.7421495349749335,0.004855679776613885,-0.7488195298855339,-0.7364059142065151,0.07014140271493251,24.375197865952366,-113.83,96.41,30.476666666666667,0.014099215538032162,30.45,30.51,2.0952275291771877e-05,5.43576980579948e-06,7.172581103754615e-06,3.6966379534735316e-05,0.02255133916213547,0.011943599111958645,-0.01718662647544598,0.03650023656431915,1.7978071887817042e-05,4.664155036788084e-06,6.154423656085595e-06,3.1718952689056526e-05,0.026128898056718572,0.0067787709514918445,0.00894469158378939,0.046099564316453005,0.023612977406643757,0.009673937480593569,0.0006638697823607816,0.036500254664799246,0.16289592760180996,0.00028044928044928434,False,True,False
0,0.2924405993884898,0.0075805418998255835,0.2792918983984042,0.3146858098071406,0.009241311090980649,0.00995288405720173,2.236579814114233e-05,0.03895453287120247,0.009380507649781688,0.025680429688685547,5.09440979401532e-08,0.15263625915179224,-0.75078072205952,0.005026717189984369,-0.7582274048165076,-0.7426160298903652,0.34656674208144783,30.872559509229085,-213.09,164.58,30.612909090909092,0.06358329730686893,30.51,30.71,1.564711175349184e-05,3.6538513655988323e-06,7.172581103754615e-06,3.420769449482971e-05,0.011716636677721881,0.009631422652256777,-0.012362902337484886,0.03511276837647418,1.3425983384795152e-05,3.1351822942079673e-06,6.154423656085595e-06,2.935186666748515e-05,0.019513001914862514,0.004556598675640067,0.00894469158378939,0.04265929832268786,0.012680812226235409,0.00831953646748015,3.752616391420519e-05,0.03511277657260025,0.09502262443438915,0.0019259292653788097,False,True,False
0,0.30128931898655664,0.003847316065471247,0.2936233912286336,0.3091196663182906,0.007377083226022452,0.009030605178794266,0.0002228202481308097,0.02868227259082902,0.0036109478216842903,0.012491257985963556,6.663811635831962e-08,0.07611054063686883,-0.7336001520338802,0.004054693571873352,-0.7424198918722201,-0.7294123629079062,-0.2803222159412096,18.50914317774863,-94.43,67.09,30.721351351351352,0.0178114614012479,30.69,30.75,2.6047104699181287e-05,1.9018960698270017e-06,1.82073212633771e-05,2.9793798430980708e-05,0.023162281469619187,0.0032159070783579565,0.01586131396416094,0.03442538351832933,2.2349683470189714e-05,1.631919387768552e-06,1.5622767742371126e-05,2.5564529032970932e-05,0.0324824933750681,0.002371792458382733,0.022705755558849988,0.037154872732663616,0.023162307962939062,0.003215900376097197,0.015861362548194164,0.03442539239244047,0.12662521198417184,0.0003292383292383222,False,True,False
0,0.3036208994366929,0.006580413019320499,0.2929583339633988,0.3303506197665486,0.006089907560152774,0.008986876795675397,0.00017555555906547377,0.03615588272775788,0.0045081589546125105,0.02713118442536608,8.465295864290567e-08,0.22126724458353936,-0.7282426524941017,0.005480044471711448,-0.7390383871416869,-0.7213399394954334,0.088602941176471,28.06444588908305,-129.6,124.57,30.74636363636364,0.01304384087685359,30.71,30.77,7.396022109249235e-06,1.2884498077779232e-05,-8.276055119716864e-06,3.420769449482971e-05,0.022661009139724273,0.007597897619617413,0.0007101084388226831,0.05574567591115886,6.3461469130364e-06,1.1055526402505876e-05,-7.101258064714148e-06,2.935186666748515e-05,0.009223337562469916,0.016067836647721406,-0.010320797981295449,0.04265929832268786,0.0226610166234578,0.007597900499041963,0.0007105135975522975,0.055745677807404824,0.08144796380090498,0.00011126389108040247,False,True,False
0,0.28810654594012297,0.006109681512830328,0.2812662885331737,0.3140907928377019,0.005224994168246173,0.007891951060992882,6.943891178138754e-06,0.031540071795145425,0.00447367206687728,0.026694620470756616,4.372838358079889e-08,0.2570266440274996,-0.7543150027104282,0.0072546959956954656,-0.7624580414336368,-0.7393020082298537,0.2428716789146405,31.036927717372595,-148.72,218.48,30.776486486486487,0.017921477650555143,30.75,30.81,-1.3304031356290611e-06,7.319248926916735e-06,-1.1034740159622484e-05,5.020806772628231e-05,0.018580489564450093,0.00584157795382654,-0.001339347664056638,0.05092863517927947,-1.141550637295668e-06,6.28027178626331e-06,-9.468344086285531e-06,4.308096559259917e-05,-0.0016591022894225601,0.009127596234775376,-0.013761063975060599,0.06261284108652573,0.01858352207471629,0.005831920896637872,0.0007216816342824017,0.05092863705250914,0.07235726399095534,0.0003590733590733515,False,True,False
0,0.28836203313182995,0.0025724451538672046,0.28396053066155097,0.2971704946340133,0.0019715941811739705,0.0022036801174729263,6.725165053766256e-06,0.00726436669633473,0.001034848123066252,0.007697293318158755,1.268292177669661e-07,0.073081919016957,-0.7508535711739738,0.002722948209618164,-0.7545121722648293,-0.7464100838365219,-0.3520531674208144,22.67122758942341,-79.74,86.39,30.78381818181818,0.01619728248709109,30.75,30.81,5.188449940437878e-06,9.008376540031804e-06,-1.2138214175584734e-05,1.82073212633771e-05,0.007240183647835282,0.010284194226881238,-0.005489053756036299,0.019948196038972497,4.451942555955408e-06,7.72962548333911e-06,-1.0415178494914085e-05,1.5622767742371126e-05,0.006470346426735224,0.011234052101418375,-0.01513717037256666,0.022705755558849988,0.01058474716626022,0.006788277342910145,1.975061258642378e-05,0.019948196886828716,0.07239819004524888,0.00017528120280413485,False,True,False
0,0.28529863139082856,0.006607264070584084,0.2727309760955755,0.30702451173807155,0.007401681251576251,0.011329545391502953,3.646914583580277e-05,0.04053380834509816,0.008326478361302287,0.045606749126299015,5.618277936630944e-08,0.44154171252444785,-0.7614765929523601,0.008277932949897782,-0.7742443042441653,-0.7476860803291023,-0.18316563029960403,32.23039182285199,-164.5,222.47,30.809459459459458,0.01896589464552475,30.77,30.83,1.2139462449358445e-06,8.664596762593528e-06,-9.379529135679113e-06,1.6000373231452603e-05,0.008577228581836852,0.008858469705626896,-0.011694899356976996,0.024761226727202854,1.0416249574561847e-06,7.434645703515858e-06,-8.048092473342702e-06,1.372909892511402e-05,0.0015138727054011796,0.01080533557142062,-0.01169690437880151,0.01995354276383787,0.01028748554646084,0.006795040191029896,4.937653146605945e-06,0.024761228530886654,0.12210288298473713,-0.0003092313092313026,False,True,False
0,0.284645756654252,0.0072831819888544225,0.2732756459385696,0.30257328681081086,0.019105316669964425,0.011275875068574581,0.003583173886810875,0.051721256797789765,0.012315254254041078,0.036830102280668985,6.126337859235775e-08,0.18375184900701225,-0.7744331233651852,0.00457469339584425,-0.7787944019475642,-0.7642030820387626,-0.2781052036199088,49.44579381796665,-192.39,191.91,30.813090909090906,0.014635977698898772,30.79,30.85,2.037245212388221e-05,1.231083419992616e-05,-1.1034740159622484e-05,4.910459371032006e-05,0.02424664123414662,0.01232366179451164,-0.010986127599370656,0.05850858215590171,1.7480555391427942e-05,1.0563294876723252e-05,-9.468344086285531e-06,4.2134131183970615e-05,0.025405819525449833,0.015352439165848346,-0.013761063975060599,0.06123673468901967,0.0245452173264114,0.011717040741162916,5.2339123354023015e-05,0.05850858800961272,0.13122171945701358,0.0002660775871785006,False,True,False
0,0.2834129228738726,0.005114509157617157,0.27218494779337893,0.3001483371880835,0.00711294006836882,0.0065874146239342695,0.00019706637750834698,0.022900256662291698,0.005898042936809834,0.02509388652596578,5.017563168771555e-08,0.1769110933218811,-0.764481406232261,0.0038741050993303747,-0.7705359031169948,-0.7578040446000843,0.17609728506787278,38.70850892063227,-132.57,258.5,30.84855855855856,0.013131976715210802,30.83,30.87,2.2546320900803316e-05,6.406427788698544e-06,1.655211023943373e-06,3.9725064574640946e-05,0.02975525679785385,0.008956762196396833,-0.004774935273564589,0.04886781728606124,1.934584059801915e-05,5.497026825270923e-06,1.4202516129428298e-06,3.408603871062791e-05,0.028116780262165672,0.007989246812940155,0.00206415959625909,0.04953983031021816,0.029770471415517894,0.008906057322985042,0.0006420699084039936,0.048867820400970506,0.12669683257918554,0.00020849420849421767,False,True,False
0,0.28182626514876646,0.0045557386072395106,0.2737639164617825,0.2944009023481349,0.00962406133973689,0.0067481471285602435,0.0012808274877141228,0.027905345327957205,0.007016557054842478,0.028006822155595034,5.2989686805116065e-08,0.1874319796682407,-0.7698482462563515,0.0028150194226957983,-0.7733890272080689,-0.7650452842049452,0.17494629734313172,47.66416581262138,-186.39,167.84,30.85,0.013272030326624839,30.83,30.87,2.4589391038182488e-05,6.7055296843442995e-06,5.517370079811242e-06,4.4138960638489935e-05,0.0259744451817569,0.010191603849812481,-0.0178492827310885,0.04818176910913273,2.1098894206286667e-05,5.753670808171122e-06,4.7341720431427655e-06,3.7873376345142124e-05,0.030664626288380802,0.008362247016071713,0.006880531987530299,0.055044255900242395,0.02625286216049711,0.009450529081028234,4.740147020741708e-05,0.04818177310757325,0.13114754098360654,3.173816017852724e-05,False,True,False
0,0.28211167654862557,0.0018242886660977946,0.27777136995351803,0.2864905979272389,0.0012986867483013712,0.00176494290678131,7.12085580843469e-07,0.0054811352478629565,0.0007556949200135983,0.004460987072280848,1.1694287942556111e-07,0.03629204252642236,-0.7611498488570352,0.004289073675101438,-0.7708351267104211,-0.7571724383248537,0.09727375565610842,20.050215308892284,-77.91,76.86,30.854684684684685,0.012920724706653995,30.83,30.89,2.511526832710457e-05,1.7475722120793742e-06,1.8759058271358226e-05,3.089727244694296e-05,0.029465712552618664,0.002554187274222401,0.021365739554185182,0.03580416327826807,2.1550122513129513e-05,1.499502007319106e-06,1.6096184946685404e-05,2.651136344159949e-05,0.03132043067626915,0.0021793402167691075,0.02339380875760302,0.03853097913016968,0.02946573166582944,0.0025541822006988775,0.021365775621606693,0.03580417393636025,0.13122171945701358,-9.090909090910162e-05,False,True,False
0,0.28453520614542516,0.0011800247706190263,0.2806229756812577,0.2868126662740884,0.00034275804204598077,0.00048610020368285384,1.4171152421321363e-06,0.0018263957361141132,0.00018333528678556632,0.0015720808947072517,1.1265545707753177e-07,0.016046048352164367,-0.7558230081587838,0.000965310423871839,-0.7571581414422405,-0.7542992184560382,-0.08001130582249863,12.06577885359099,-30.75,16.09,30.85127272727273,0.013620619212176848,30.83,30.89,2.4277676624943183e-05,4.546357318977436e-08,2.372469134318834e-05,2.482816535915059e-05,0.030916303392639295,0.00021516918917669961,0.030303747731892858,0.030992469271254056,2.083142806947594e-05,3.900995837925885e-08,2.035693978551389e-05,2.1303774194142445e-05,0.030275897426578463,5.6696136941093014e-05,0.029586287546380288,0.03096239394388635,0.03091631994393586,0.00021516906698552173,0.030303764615092748,0.030992486538163035,0.13114754098360654,-0.00018925681311003292,False,True,False
0,0.2856942794702482,0.0014394733120840905,0.2812811733906719,0.28842639504533435,0.00043899520170035246,0.0006010490934064254,1.656710526765201e-06,0.0020380103350713394,0.00033635498013507816,0.0024905157515797407,8.224613020029034e-08,0.022182279315691944,-0.7538535228481783,0.00139313774249122,-0.7555483326917263,-0.7517913911416351,0.1621945701357465,27.403540523291813,-105.31,115.97,30.83288288288288,0.014978007355477531,30.81,30.85,2.246019001041712e-05,2.9046427094306734e-06,1.7103847247414853e-05,4.138027559858432e-05,0.031999108767312066,0.0052477021095685495,-0.0020220541379442976,0.038555707732672015,1.927193610232303e-05,2.492324805367341e-06,1.4675933333742575e-05,3.550629032357074e-05,0.028009369242450833,0.003622285035349334,0.02132964916134393,0.05160398990647725,0.032003702709787224,0.005219665767115455,0.0020225727928591566,0.03855571711607975,0.13122171945701358,-0.00014180414180415936,False,True,False
0,0.29230916301427007,0.00554785778652866,0.2819566082737696,0.30251836496853673,0.004028884352541991,0.005077968460798624,9.94931236500417e-07,0.020115650259748607,0.003123654492117213,0.01763891614547378,7.537621432573971e-08,0.15608838547571435,-0.7459703973415415,0.006166445233244653,-0.7518104646376809,-0.7336014134220886,0.5112549462973435,47.04104947187264,-149.72,212.85,30.825495495495495,0.015651821778296167,30.79,30.85,1.891678647815961e-05,7.727765107023336e-06,-2.758685039905621e-06,6.731191497369716e-05,0.03295306298921704,0.011627503175387428,-0.02679998938035143,0.05644308587842629,1.623152342430293e-05,6.63079855011206e-06,-2.3670860215713828e-06,5.7756898926341744e-05,0.023590506451709813,0.009637043417760668,-0.0034402659937651497,0.08394249024786966,0.033743941703331067,0.009076929183128885,0.0006360491515576933,0.056443091290864306,0.09044657998869417,-9.59985959986041e-05,False,True,False
0,0.290294096160127,0.005439862290226732,0.28262198776861075,0.30041463786190786,0.0023808737145747712,0.0024635300022528834,0.00010563752652693321,0.009366851913057923,0.0018166780998351366,0.007708786888884135,6.733661112034994e-08,0.05576912811574711,-0.7477490597677747,0.008214218516537452,-0.7586819888343244,-0.7334035832529282,-0.4986538461538465,35.41770161299774,-113.48,174.33,30.840727272727268,0.019475182556604072,30.81,30.87,1.6089000669386223e-05,2.5413099281128296e-06,6.069107087792367e-06,2.5931639375112838e-05,0.019949681777678197,0.012418427265211763,2.2055240069653194e-05,0.04267734351910849,1.380514558010568e-05,2.1805675966264907e-06,5.2075892474570424e-06,2.2250608602771e-05,0.020064067146442995,0.0031691845929622433,0.00756858518628333,0.03233850034139241,0.019949725800683858,0.01241837503139543,3.2588510767599236e-05,0.04267734803325863,0.13122171945701358,0.0004878840475170995,False,True,False
0,0.29339471194207,0.0032215919427075863,0.28736243971227016,0.30250151067575576,0.0036559089147471763,0.00514586248629222,3.938730456420021e-05,0.020650934554697378,0.0028053388257956837,0.01998148102745234,4.94966537201158e-08,0.20532212018543525,-0.7436516064053956,0.0034294600105020984,-0.7473173705618694,-0.7374374871558586,0.07144230769230747,25.437682307297866,-68.74,162.64,30.904234234234234,0.021300855704089315,30.87,30.95,1.0618440856089218e-05,6.0419146578452015e-06,5.517370079811242e-07,3.531116851079195e-05,0.011779817576374576,0.0087138959952239,0.0027595645417020044,0.0447455131590166,9.111139023754283e-06,5.18425681918437e-06,4.734172043142766e-07,3.02987010761137e-05,0.013241910713105542,0.007534674395206479,0.00068805319875303,0.04403540472019392,0.011779828022577338,0.008713896739984975,0.0027595761292027454,0.04474551959069363,0.13122171945701358,0.0005354510354510245,False,True,False
0,0.2961522419842713,0.00451649898189544,0.28621164135295135,0.30842938315271895,0.004355914258074317,0.0065094497647319605,8.310907811653358e-06,0.02255460648307471,0.0033522953336560003,0.01305806382507075,5.675293996440598e-08,0.07745338656718181,-0.7393154320872698,0.0007463868151054135,-0.7403990970715651,-0.7374459966507155,-0.31864330130016943,26.391668601560934,-93.32,87.85,30.93872727272727,0.025633589306817674,30.89,30.99,8.192420776878097e-06,6.4033591012610625e-06,1.655211023943373e-06,3.255248347088633e-05,0.01709995104507142,0.013130414695298765,-0.0013734330350733748,0.05782387066018954,7.029495728313567e-06,5.4943937421052996e-06,1.4202516129428298e-06,2.7931615054542318e-05,0.010216500324470894,0.007985419953083392,0.00206415959625909,0.04059513872642877,0.017104617929557593,0.013124334968716933,9.87530629321189e-06,0.05782387834275727,0.058790276992651214,0.0006636160764600989,False,True,False
0,1.4583914710545556,0.04496484676252682,1.3886950640809188,1.5782540745557472,0.12994388391902306,0.07795093925662659,0.0212697232192431,0.31089566234895527,0.10909060439816733,0.23936606120581713,3.0698951825058884e-08,1.6092520189507118,1.169458049776087,0.028744394897461514,1.1280134187028616,1.215407543938634,0.11651018099547528,14.90775007188862,-69.26,72.52,31.12636363636363,0.018410570992509534,31.09,31.17,1.6743720263698665e-05,4.309499128241832e-06,8.827792127697988e-06,3.8621590558678696e-05,0.010732585687707425,0.0027327234957058876,-0.0013547194980445781,0.022730484161352326,1.436692685536097e-05,3.6977599830621813e-06,7.574675269028425e-06,3.313920430199936e-05,0.020880546564420288,0.005374235582021408,0.01100885118004848,0.0481637239127121,0.010735680548101256,0.002720621386625704,0.000704309531411833,0.022730500077592433,0.09502262443438915,0.0004313504496990754,False,False,True
0,1.5645395442073187,0.04534425700693293,1.4832367396391348,1.6438102825370244,0.13296313481108907,0.046206669463382165,0.04899903522065903,0.25536906774066037,0.09602548372229343,0.22622528301938558,8.14084875067067e-08,1.1561666233041474,1.3522054344726269,0.06916590772604014,1.2205952809874414,1.4732970596960677,-0.1347145279819107,5.274733447450182,-28.34,22.8,31.139549549549546,0.016370005130636713,31.11,31.17,1.445301588251571e-05,9.655276236977682e-07,9.931266143660237e-06,1.8759058271358226e-05,0.01155114502126603,0.0017029924055347084,0.007584625360879441,0.021345020995331872,1.2401391014257484e-05,8.284696906081785e-07,8.521509677656977e-06,1.6096184946685404e-05,0.01802388396236327,0.0012040779580846767,0.01238495757755454,0.02339380875760302,0.011551161060330474,0.0017029905718528356,0.007584645430245173,0.021345027544782784,0.2849067269643866,-0.00025658125658126196,False,False,True
0,1.6615316401392792,0.037015241266516306,1.5845714405279465,1.7612546086818868,0.13656031748755423,0.045492354861234936,0.037200529905651904,0.24891603323324987,0.11382024162622735,0.2171163323300792,7.655015688001754e-08,0.9632429602291563,1.5184140015395988,0.04966271784700628,1.4729247329344637,1.6463445351156405,0.0008088235294119453,15.361049485009744,-54.79,50.63,31.118648648648644,0.015637163570189898,31.09,31.15,1.770301865879707e-05,5.110850121112636e-06,1.0483003151641362e-05,3.751811654271645e-05,0.011031073879379839,0.00307536847035905,-0.002717459083387212,0.019282198080289123,1.5190051564672105e-05,4.385358134412478e-06,8.994926881971256e-06,3.219236989337081e-05,0.022076856255012378,0.006373574227051244,0.01307301077630757,0.04678761751520604,0.011047978579281043,0.0030141033294176734,2.468826573302973e-05,0.019282206646115223,0.13574660633484165,-4.633204633204534e-05,False,False,True
0,1.907319548612489,0.08357903114931095,1.7741216057696974,2.0648389276211803,0.3198360564796302,0.1268366898032294,0.15891447242625253,0.5907525661614723,0.2502530211219325,0.4616220581971291,4.564576094878703e-08,2.508492299975888,1.7652330517499784,0.06111001585245741,1.651347878740196,1.9422062669723,0.718377614471453,30.692960917963344,-185.35,177.4,31.08236363636364,0.0185693479665614,31.05,31.13,2.3333357515129333e-05,8.684879449097085e-06,9.379529135679113e-06,4.027680158262207e-05,0.0027991575805398987,0.010581586292857789,-0.01991945739282113,0.019978271366340207,2.002115631593804e-05,7.45204923563641e-06,8.048092473342702e-06,3.455945591494219e-05,0.02909826791332808,0.010830629447173388,0.01169690437880151,0.050227883508971186,0.01054918109589657,0.002898956676885808,5.826430712995015e-05,0.019978289475204566,0.08592425098925946,-0.0003736447039199253,False,False,True
0,2.0910907540333876,0.06329320320654093,1.9678848673939524,2.204674902441766,0.25342398563131163,0.10999758858704103,0.09850608936878111,0.4449343914777852,0.1846821085557055,0.38140193615964957,5.9104893423977956e-08,2.091471111113628,2.1536713738926094,0.1264164965722007,1.9492564709949616,2.4661942349806383,-0.7778506787330318,17.038996765394543,-60.8,100.41,31.101891891891892,0.02807501359227373,31.07,31.15,3.1401575051522994e-05,2.062361293169247e-06,1.1034740159622485e-06,4.579417166243331e-05,0.008760124092652453,0.004285136382653503,-0.02197693358299851,0.03027567742634966,2.6944079619298508e-05,1.7696063587809277e-06,9.468344086285532e-07,3.929362795808496e-05,0.039159878434007284,0.0025719033964059965,0.00137610639750606,0.05710841549650149,0.009182329863175975,0.0032833105878002336,5.5301715241986593e-05,0.03027567746126466,0.06787330316742082,0.0007655317655317491,False,False,True
0,2.225919842354936,0.037611899518196955,2.1468879019408575,2.2936421428284857,0.13379552341733292,0.044072705984133945,0.0342482170313453,0.21834305939303425,0.10185366432154253,0.22868541841311502,9.94514057772733e-08,1.2381330688623082,2.5091017685758423,0.03327043441414904,2.4543796500135104,2.5588510275720138,0.12026003391746724,25.8886102015469,-110.53,97.74,31.12618181818182,0.013408324005153726,31.09,31.15,2.8914136376448093e-05,5.072777768068135e-06,1.0483003151641362e-05,3.9725064574640946e-05,0.008489138364188503,0.004136982764281582,-0.004088218756027901,0.035820203452864186,2.480973617953879e-05,4.352690202627467e-06,8.994926881971256e-06,3.408603871062791e-05,0.036057874920866415,0.006326095439300215,0.01307301077630757,0.04953983031021816,0.00855640004852026,0.003996037497375989,5.9251837759271344e-05,0.03582023181252493,0.09044657998869417,-0.00020025697089916844,False,False,True
0,2.304108433553154,0.05088360780020529,2.2098955947000247,2.4218497841260995,0.16995351283742152,0.06875672534503004,0.035441695563498146,0.36222951906320827,0.1311285822868674,0.29067139022130395,5.581247997099581e-08,1.4133768385705825,2.609846675166039,0.06641272300320057,2.5135985674041614,2.681964740164472,-0.1680260180995474,12.013584176253724,-49.81,49.42,31.097027027027032,0.014434465987829251,31.07,31.13,2.2648679350247776e-05,2.1914136339663194e-06,1.544863622347148e-05,3.531116851079195e-05,0.008203126180646095,0.002528451073831217,-0.0006573095307771498,0.019982949750597407,1.9433669129136277e-05,1.8803395477941497e-06,1.3255681720799745e-05,3.02987010761137e-05,0.02824442814066737,0.0027328403547893097,0.01926548956508484,0.04403540472019392,0.008204693339592098,0.002523533639086765,4.44388783194535e-05,0.019982975353626566,0.2171945701357466,-0.0001986661986661944,False,False,True
0,2.3263946754201,0.03738181122899385,2.266327449673617,2.403588570858398,0.1390071951412222,0.06387933029292844,0.04960527559191933,0.2662958417878867,0.1001462507560802,0.18131586503856126,9.56014247766035e-08,0.7696253558579222,2.6797121453597055,0.01501280939382311,2.655297290615404,2.6960524151192966,0.0726074660633484,4.801077121623512,-17.54,27.39,31.077636363636362,0.02150004364097393,31.03,31.11,2.1953390858289664e-05,7.773666516547485e-07,1.9310795279339348e-05,2.7035113391075092e-05,0.00913395779543102,0.0014857187770111705,0.002776941397514458,0.016543352097440428,1.8837077765328468e-05,6.670184193374457e-07,1.656960215099968e-05,2.3197443011399553e-05,0.027377356575722937,0.0009694285566091316,0.02408186195635605,0.03371460673889847,0.009134005129301594,0.0014857097278566833,0.0027770716759151466,0.01654338444540526,0.2533936651583711,-0.0004919414827671603,False,False,True
0,2.3280735372920085,0.03070772972803757,2.2779090246381695,2.3975483055908438,0.10497712089179309,0.05145507625477764,0.021237394681575917,0.22575756816129297,0.08915992541617641,0.1898348902940601,7.840748750265192e-08,1.1183302598438423,2.716773332823372,0.02918586990742533,2.681806753379991,2.759908965614657,-0.039491237987563536,8.702544926775918,-42.07,53.69,31.041891891891893,0.016487654528244466,31.01,31.07,2.253695884750047e-05,1.3484585926295117e-06,1.544863622347148e-05,3.144900945492408e-05,0.008046544363996521,0.0014192235061271548,0.0027816197817716573,0.017234078658626147,1.9337807500660876e-05,1.1570430981096475e-06,1.3255681720799745e-05,2.6984780645913764e-05,0.028105105151327105,0.0016816186600201494,0.01926548956508484,0.03921903232892271,0.008046600924958694,0.0014192146091502806,0.0027818037060672015,0.01723411547571942,0.1537591859807801,-0.0002999297999297935,False,False,True
0,2.3709297796350275,0.05236525614650592,2.3041376290866595,2.534733674984624,0.13858598180630965,0.11858984329096815,0.017746098722752495,0.4305934318705893,0.10993916230676679,0.26440788963849976,4.669178110816574e-08,1.7476889794967345,2.7581903425064804,0.034487781970884916,2.699864323102232,2.8039839761527423,0.06353506787330349,42.09494650864004,-250.52,226.88,30.97563636363636,0.04606591354054882,30.91,31.05,1.5803145975205957e-05,2.7032697257255733e-06,1.1586477167603609e-05,2.6483376383093966e-05,0.011339330437627788,0.0014085294718738496,0.004153047795020519,0.015164572337501682,1.3559868340766382e-05,2.31953698509962e-06,9.941761290599808e-06,2.2724025807085277e-05,0.01970758709550534,0.0033711593657341538,0.01444911717381363,0.03302655354014544,0.011339351427490171,0.0014085189029843387,0.004153134906990791,0.015164601631793211,0.13122171945701358,-0.0013320109099925774,False,False,True
0,2.392619654379941,0.038386748433478585,2.3404883834256367,2.4901505170907146,0.21142229480918046,0.09956701117565857,0.03614457486191882,0.4628985750028259,0.15709377810239364,0.28115696617382496,6.484335912659844e-08,1.189964250919131,2.723320014301191,0.08373034961072005,2.629184762915296,2.8649572311862666,0.16475409836065574,15.052471462374017,-64.93,59.39,30.944414414414414,0.019664674589207173,30.91,30.97,2.1900530342789735e-05,2.125720992363919e-06,1.3241688191546983e-05,3.2000746462905206e-05,0.008433994834508154,0.003182786769765109,-0.0006586462119934923,0.028242929838674626,1.879172087045901e-05,1.823972064225797e-06,1.1362012903542639e-05,2.745819785022804e-05,0.02731143595366688,0.0026509172074650786,0.01651327677007272,0.03990708552767574,0.008435601502685448,0.0031786535934796903,4.147628643148994e-05,0.028242952304796606,0.19898247597512717,0.00045840645840644834,False,False,True
0,2.462975072154676,0.053585930728826996,2.3826280247103995,2.598271471675277,0.15981134054776766,0.11028811670276198,0.009666356335747103,0.43121215014511893,0.12951806855114684,0.23439890049116138,5.659217183762166e-08,1.0758708213295902,2.898060415843736,0.04180366265545451,2.84974404572892,2.9589667847983296,-0.1754072398190049,25.97605087746982,-176.3,138.47,30.93581818181818,0.023201621984656796,30.89,30.97,1.6249403849308337e-05,3.122029529346686e-06,1.2138214175584734e-05,2.3172954335207218e-05,0.010193375122889812,0.0015922325544974907,0.004839764312557206,0.013781782533913909,1.3942779314844105e-05,2.678853276451759e-06,1.0415178494914085e-05,1.9883522581199616e-05,0.02026410071214382,0.0038933810369702346,0.01513717037256666,0.02889823434762726,0.010193400789078513,0.001592217494852435,0.004839831201563964,0.01378180096129328,0.05429864253393665,-0.0006080742961476775,False,False,True
0,2.489664731667002,0.06542783925067594,2.402411700977866,2.6548859548952284,0.3745218505666483,0.16166507128526922,0.10617125591581444,0.7116444722547263,0.2855328426152336,0.471344482510953,3.93243002605459e-08,2.3228568213472123,2.7301008322400437,0.117176525153534,2.5770535447158003,2.9376947865949887,0.06829282080271196,41.12778792379557,-184.41,210.06,30.858648648648646,0.018215202765646813,30.83,30.89,1.955795348653451e-05,4.967701787810514e-06,1.2689951183565858e-05,5.2415015758206804e-05,0.007133833814373965,0.007519944023183467,-0.015102416660941751,0.017226058571328088,1.678167592125811e-05,4.262529897818174e-06,1.088859569922836e-05,4.497463440985627e-05,0.024390084882494285,0.006195058616896523,0.01582522357131969,0.06536505388153785,0.00977003609006379,0.0034551091046670867,4.345134769013232e-05,0.017226079573448117,0.13566986998304126,-0.0002681642681642657,False,False,True
0,2.4406745973348505,0.046348945361012486,2.3563749785234664,2.5051565456797484,0.039371205450632656,0.037492337455509235,0.004255911306093404,0.2075727639381782,0.017598535751682853,0.05223607702035707,1.4434544026720175e-07,0.35812404139859555,2.979426793665145,0.06994017229212723,2.8509588415151423,3.06888035264917,-0.09845588235294128,6.962396251618363,-35.44,48.95,30.881636363636368,0.01493270978482881,30.85,30.91,2.130990572794064e-05,8.277741931624189e-07,1.7103847247414853e-05,3.255248347088633e-05,0.010787930692921877,0.001232044665612963,0.0034656629368756595,0.017230736955585288,1.8284936206903105e-05,7.102705431422962e-07,1.4675933333742575e-05,2.7931615054542318e-05,0.026574887290751928,0.0010322901549321057,0.02132964916134393,0.04059513872642877,0.010787967903743544,0.0012320392954383184,0.003465773045121734,0.01723076664810125,0.0995475113122172,4.850889254558875e-05,False,False,True
0,2.285252767221008,0.05483514504613691,2.1801093912067193,2.362694955481304,0.022429667890966603,0.021480679615845665,0.002023254273536508,0.09360746048666525,0.016016466959698217,0.05957890889261693,1.1468095512112697e-07,0.3932356586818888,2.7243145165450082,0.08728154679578705,2.5602411855224214,2.8489256448325855,0.06622737556561085,5.9483244199503265,-23.3,21.21,30.87918918918919,0.013693736798931821,30.85,30.91,2.1191943856324767e-05,5.263989412980545e-07,1.9310795279339348e-05,2.2621217327226096e-05,0.010609547775626189,0.0011111391756552654,0.0082813669875387,0.014476519138748652,1.8183719180188857e-05,4.5167590996876907e-07,1.656960215099968e-05,1.941010537688534e-05,0.02642778089418595,0.0006564549235253151,0.02408186195635605,0.02821018114887423,0.010609584949353493,0.0011111353159763433,0.008281410673927264,0.01447654982536309,0.04072398190045249,-0.00019550719550719134,False,False,True
0,2.1039746923234386,0.048163859828029384,2.0295581605722464,2.177681761607423,0.018976565245243455,0.010476699733575363,0.0010618588007393578,0.049227438769611526,0.01785728365120906,0.043397927825078605,1.2190037440573676e-07,0.23166918656951896,2.4105024661939276,0.08968097624555908,2.257834266720082,2.55758139945535,-0.028733747880158242,4.953387898826586,-17.84,15.98,30.85436363636364,0.014684902858945421,30.83,30.89,2.1219119552141862e-05,6.325011511566376e-07,1.8759058271358226e-05,2.372469134318834e-05,0.011536017229919013,0.0011854855230407366,0.008969420186291729,0.017230068614977116,1.8207037249763526e-05,5.427167697193543e-07,1.6096184946685404e-05,2.035693978551389e-05,0.026461670816675855,0.0007887715233399516,0.02339380875760302,0.029586287546380288,0.011536051528766503,0.0011854817632309257,0.008969460521469403,0.01723009697427139,0.2984737139626908,-0.00023226562676103822,False,False,True
0,1.9539171871296437,0.043813589196879166,1.8826356334131247,2.0356356654259185,0.025866373307088412,0.017871043236946084,0.001138179835214626,0.05980085294475107,0.01833572498456361,0.05121862607148702,7.231969689769358e-08,0.3710201312156929,2.140981221264089,0.06194144070850778,2.0261953753376485,2.25519418352795,-0.05633484162895957,17.282626467562814,-110.82,135.41,30.820990990990992,0.01519299808553951,30.79,30.85,2.1161361148868802e-05,7.244094456164961e-07,1.8759058271358226e-05,2.372469134318834e-05,0.011756784954667102,0.0008593169633998357,0.008969420186291729,0.015163235656285341,1.8157477728818495e-05,6.215785592804565e-07,1.6096184946685404e-05,2.035693978551389e-05,0.026389642198779956,0.0009033873549413809,0.02339380875760302,0.029586287546380288,0.011756818265186583,0.0008593141422466968,0.008969460521469403,0.015163262164643043,0.0995475113122172,-0.00024271674271675021,False,False,True
0,1.8368562646282507,0.030347284139880873,1.7881424435184792,1.8850962774940856,0.031045538030283718,0.02152712323424879,0.00261246156425637,0.0824936383837128,0.02427913708240719,0.07258523354355943,1.1192266487214386e-07,0.6242448440791692,1.9307308523127573,0.05170267596049163,1.8500225353756103,2.0238215402791484,-0.033702656868287204,4.089025681308052,-17.09,22.78,30.801272727272725,0.013417029498630896,30.77,30.83,2.113077844141283e-05,5.255462614859696e-07,1.9310795279339348e-05,2.3172954335207218e-05,0.012128794774026997,0.000628008274126422,0.011032911441942647,0.014475850798140481,1.813123627744813e-05,4.5094426919250583e-07,1.656960215099968e-05,1.9883522581199616e-05,0.026351503503373962,0.0006553915743866303,0.02408186195635605,0.02889823434762726,0.012128826845400975,0.0006280064849250174,0.011032942484688597,0.014475880007451876,0.2849067269643866,-0.00022234745170524514,False,False,True
0,1.7491236265656578,0.024231053108088093,1.7032524154242563,1.7888124066270898,0.018014270342137848,0.008650750765570238,0.004027793083866556,0.03583132047562689,0.01208116959890518,0.037126884040135845,8.639914025887485e-08,0.27070069453895373,1.7901085360011015,0.0408020689778069,1.7198433174150942,1.8491294629652257,0.056408371040724,3.5521164604643545,-10.16,11.78,30.76837837837838,0.015523620743331457,30.73,30.79,2.1073981984708893e-05,4.6940856325590797e-07,1.9862532287320473e-05,2.2621217327226096e-05,0.012201111661457641,0.0006006787164102432,0.011032911441942647,0.01378712925877928,1.80825021534746e-05,4.027753920494603e-07,1.7043019355313955e-05,1.941010537688534e-05,0.026280674497619977,0.0005853840848053846,0.02476991515510908,0.02821018114887423,0.012201143361456257,0.0006006769833137667,0.011032942484688597,0.013787158412955868,0.2714932126696833,-0.0002499122499122446,False,False,True
0,1.6879084602810024,0.024069360058345406,1.6519315742963423,1.7413904510117058,0.029314538102933094,0.019393697840995507,0.0044207909067807485,0.08339816072633148,0.023326429380129698,0.07053530184673407,1.2228044349305023e-07,0.5028264885400558,1.6719191972871534,0.03078922852719333,1.6256200878012406,1.7190851922362338,0.0412726244343891,3.220285486909737,-9.51,9.38,30.743454545454544,0.010873447470017547,30.73,30.77,2.0985354546775276e-05,5.05058938900492e-07,1.9310795279339348e-05,2.3172954335207218e-05,0.012055454588456308,0.0005675837038070579,0.010345526583797789,0.01378712925877928,1.800645549848294e-05,4.333651493546114e-07,1.656960215099968e-05,1.9883522581199616e-05,0.02617015011501485,0.0006298425036610621,0.02408186195635605,0.02889823434762726,0.01205548638495034,0.0005675823073151946,0.010345561553826228,0.013787158412955868,0.2714932126696833,-0.00019692085747131198,False,False,True
0,1.6443474530921953,0.025814165165649255,1.601763442950403,1.6891044880190438,0.03116308008670932,0.0200782373497878,0.0013285673343737651,0.08049661386576641,0.02323331729715661,0.05745998559235562,8.363139647471485e-08,0.2787798975330547,1.5937968344835451,0.03010107029882539,1.547394372218482,1.6275461941274854,-0.05081967213114759,2.8210486833642965,-9.28,7.27,30.726396396396396,0.012120065465828996,30.71,30.75,2.10308431946161e-05,4.852479545142093e-07,1.9310795279339348e-05,2.2621217327226096e-05,0.012277487187824915,0.0005215397962808861,0.01103357978255082,0.01378779759938745,1.8045486972133117e-05,4.1636636060707714e-07,1.656960215099968e-05,1.941010537688534e-05,0.02622687752173414,0.0006051368722093933,0.02408186195635605,0.02821018114887423,0.012277518537644526,0.0005215384039491201,0.011033612571857632,0.013787828266329504,0.24872809496890896,-9.863109863109652e-05,False,False,True
0,1.5967816783994244,0.0184770959769772,1.572510012786806,1.6485571204239953,0.02182437550963031,0.02430355478040604,0.0023437720609904575,0.10022908388900575,0.01739311622324171,0.05409498218826091,9.972432951643739e-08,0.32381562316423196,1.5196871092672852,0.01527985294744711,1.4986629848015822,1.5467141342079769,-0.017771493212669732,4.852848766891453,-19.85,23.02,30.704414414414416,0.013796223770865063,30.67,30.73,2.0994092463191264e-05,7.996311163366978e-07,1.82073212633771e-05,2.5931639375112838e-05,0.011826633000600112,0.0010215059715590492,0.007594650470002011,0.017232741977409802,1.8013953056017337e-05,6.861224135825503e-07,1.5622767742371126e-05,2.2250608602771e-05,0.02618104688513085,0.0009971938431883184,0.022705755558849988,0.03233850034139241,0.01182666563251024,0.0010215032818059792,0.007594703395601031,0.017232775852992627,0.2579185520361991,-6.791856791856646e-05,False,False,True
0,1.569086680442232,0.02484333858006121,1.534291283287533,1.6217935465593765,0.01487985960447234,0.013082453553593332,0.0008616099247926806,0.06109836634377139,0.01519833894735043,0.03989530671961414,8.063053261175845e-08,0.17782930226808435,1.4783078118820403,0.03981134032489452,1.4142514467077691,1.5408982529815132,0.010096099491238027,6.21343741089306,-37.42,40.63,30.692545454545456,0.014363330198064794,30.67,30.71,2.156517771466494e-05,4.782567632555284e-07,2.04142692953016e-05,2.372469134318834e-05,0.011136158216848737,0.0006626629293481199,0.0089700885268999,0.01378712925877928,1.850397199487204e-05,4.103675782657907e-07,1.7516436559628233e-05,2.035693978551389e-05,0.026893228646283587,0.0005964183859758328,0.02545796835386211,0.029586287546380288,0.011136194606639121,0.0006626609383749753,0.00897013106864554,0.013787158412955868,0.08592425098925946,-0.00017960913373757026,False,False,True
0,1.60823725094279,0.021933351840378985,1.5564846455028232,1.6458055122097446,0.07460045708761025,0.052660303801561247,0.009605273881778155,0.20632774733479575,0.05303258041155736,0.15507635853351381,5.0687789965309094e-08,1.0971516538846235,1.4868783360338316,0.056297875288710414,1.4033159793680956,1.5537432043889714,0.05132918552036177,22.651764217630944,-147.51,134.12,30.68063063063063,0.012597205987424033,30.67,30.71,2.169499818713109e-05,3.55626901422093e-06,9.931266143660237e-06,5.68289118220558e-05,0.011281865188583259,0.0030412984517275764,-0.010300079422442139,0.03304459873656607,1.8615364278240107e-05,3.051451887671018e-06,8.521509677656977e-06,4.8761972044370495e-05,0.027055123516578423,0.004434906913013723,0.01238495757755454,0.0708694794715621,0.01138563257641898,0.0026259332657341586,0.000674843044921901,0.033044604566624135,0.13574660633484165,-8.459108459108277e-05,False,False,True
0,0.43048510009019597,0.006893265504649375,0.4177806075748082,0.44417337691486114,0.00494836571129955,0.004440827175703314,0.00021070699373158938,0.018490193816408724,0.0039151504581826395,0.020315909273919196,5.404441289630357e-08,0.19852221336517858,-0.5047732275488458,0.011403067488789404,-0.5186706983521108,-0.4859211580933206,-0.06296212549462979,12.699861862790947,-74.18,90.15,30.15072072072072,0.0268230467970342,30.09,30.19,2.2421095768399044e-05,1.6435788355535113e-06,1.6552110239433728e-05,3.144900945492408e-05,0.00675453167281609,0.007021467303488024,-0.019921462414645645,0.011722969662520191,1.9238391340066267e-05,1.4102706291988975e-06,1.4202516129428297e-05,2.6984780645913764e-05,0.02796061609034347,0.0020496534741132723,0.020641595962590898,0.03921903232892271,0.009549636944925213,0.0019179317103218813,4.44388783194535e-05,0.01992149297840683,0.14471452798191067,0.0006923481923482202,True,False,False
0,0.43778568244305066,0.003947250966574042,0.42092288561520913,0.44944196080380483,0.0027754997001739425,0.0036258859047035,5.563232988728521e-06,0.012289090652384291,0.0018965046215498821,0.007904387548792692,6.126586798085453e-08,0.06344180913219724,-0.49001663591785904,0.0028895567515614643,-0.4990878564028988,-0.48439557784646553,-0.1015441176470588,25.636453500735875,-136.52,128.05,30.17309090909091,0.015369781775501488,30.13,30.19,2.6045856425407577e-05,3.1491977306512712e-06,1.6000373231452603e-05,4.027680158262207e-05,-0.0056262083482083464,0.00434463384979238,-0.022673675209657764,0.01311377955340602,2.234861239054194e-05,2.702164915369959e-06,1.372909892511402e-05,3.455945591494219e-05,0.03248093669362296,0.003927261613298414,0.01995354276383787,0.050227883508971186,0.0067684044317400755,0.002168854209869185,4.937653146605946e-05,0.022673702063483646,0.06334841628959277,-0.0001979126749769084,True,False,False
0,0.44534384749562456,0.0029077393808736637,0.4405428145212089,0.45133984772160485,0.0027582158715526227,0.00305496444116001,6.551477610357822e-05,0.009992773907638582,0.0017418998439793034,0.008311568609893611,9.316338024645265e-08,0.07525748633636936,-0.47680383624140876,0.003251679106025199,-0.48420932499409847,-0.4732366725776484,0.27233031674208147,4.856070303073834,-13.31,16.24,30.12171171171171,0.012495371788558734,30.11,30.15,2.540798852704026e-05,3.622834483826242e-07,2.427642835116947e-05,2.7586850399056214e-05,-0.007800886660673011,0.00036536467497360264,-0.008914616256421681,-0.006848451638338076,2.1801290690531545e-05,3.108568300143924e-07,2.083035698982817e-05,2.367086021571383e-05,0.03168547247515509,0.0004517918535627226,0.03027434074513332,0.0344026599376515,0.0078009587085348915,0.00036536057876101065,0.0068485405447605415,0.008914676286206232,0.1809954751131222,-0.00018374868374867982,True,False,False
0,0.44653797514927,0.0035895458983304677,0.4354157006647318,0.4610434808980402,0.0023627399134044224,0.002567296686177114,6.036955447753054e-05,0.008836444887091486,0.0018165472334979262,0.008514280870094745,7.575170714313462e-08,0.07113209858786554,-0.47418965724460216,0.005561930729607748,-0.482145566052044,-0.46713778101166514,0.020932730356133425,11.006369185504436,-73.29,84.05,30.099818181818183,0.01573763199735143,30.07,30.13,2.500417196124412e-05,1.1923760279982533e-06,1.7103847247414853e-05,3.0345535438961837e-05,-0.006997349853050394,0.003522269733478069,-0.019926140798902845,0.005531827554959264,2.1454796424477994e-05,1.0231166615627975e-06,1.4675933333742575e-05,2.6037946237285214e-05,0.031181886027651453,0.0014869731925046038,0.02132964916134393,0.03784292593141665,0.007607415813646904,0.0018674882706378895,4.44388783194535e-05,0.01992616309301328,0.07235726399095534,-0.00015436286995919692,True,False,False
0,0.4441102720858076,0.0014306369496521886,0.4409890476312782,0.447331703968419,0.00029439042523193,0.00042878565469995137,1.8045016707218541e-06,0.001806992739394468,0.00022188220771470187,0.0014597654383797483,1.1755145085381113e-07,0.011350857853125056,-0.4764218968669509,0.0011671672730167854,-0.4785840171215738,-0.47350485902893197,-0.21160633484162897,3.860355393998515,-14.55,13.03,30.07774774774775,0.011175027735144085,30.05,30.09,2.5617074384137175e-05,6.660122896085175e-07,2.2069480319244968e-05,2.9793798430980708e-05,-0.006598096970427345,0.001052425924171758,-0.010288717632103227,-0.0006566411901689785,2.1980696531532995e-05,5.714709574025928e-07,1.8936688172571062e-05,2.5564529032970932e-05,0.03194621661721648,0.0008305621693762609,0.027522127950121197,0.037154872732663616,0.006598186853328618,0.0010524040613456747,0.0006575296131205097,0.010288776810861695,0.17647058823529413,-0.00012249912249911988,True,False,False
0,0.44467405572294855,0.0036975469335231333,0.4409323232584108,0.46241968273936196,0.0024527025295814236,0.005348918075420809,6.523738545008537e-06,0.021897971239747484,0.0025412111463719083,0.022302956837348203,1.0334530253786056e-07,0.23301764734296507,-0.4778435307688192,0.0016215422530335036,-0.48195824173235624,-0.4755749622025842,0.1194347088750707,7.320906437071553,-19.98,60.58,30.052363636363637,0.015260867550655683,30.03,30.09,2.5552592933471567e-05,4.945691958983505e-07,2.2069480319244968e-05,2.813858740703734e-05,-0.006568138163286554,0.0006739690914079915,-0.010290054313319568,-0.00478562872329533,2.1925368308733624e-05,4.243644393529019e-07,1.8936688172571062e-05,2.4144277420028106e-05,0.03186580390654287,0.0006167610878373704,0.027522127950121197,0.03509071313640453,0.0065682253557686485,0.0006739606904130705,0.0047857455702051965,0.010290108656208448,0.18993781797625775,-0.00037571850415886313,True,False,False
0,0.44764082054724746,0.006989241678644119,0.438458756720157,0.4682643641449574,0.01948522219860449,0.011381593578094103,0.005944398409537735,0.04657783559383772,0.014530226098749611,0.04399417594604093,4.662298058732972e-08,0.2897410030549973,-0.4893810517096389,0.0037622483862895374,-0.4943590750102076,-0.4799949726110696,-0.17826923076923062,13.551875874967637,-109.53,84.4,30.01990990990991,0.017450996090116883,29.99,30.05,2.5823663693686672e-05,1.169474422220258e-06,2.0966006303282724e-05,3.255248347088633e-05,-0.005849082945606395,0.00153439484176381,-0.01098345423693797,0.0027896398690697133,2.215796021323891e-05,1.0034659692494467e-06,1.7989853763942512e-05,2.7931615054542318e-05,0.032203847396387576,0.0014584133480783812,0.02614602155261514,0.04059513872642877,0.005876668655754571,0.0014253769835342485,4.937653146605946e-05,0.010983488980427366,0.1085972850678733,-0.0003994383994384019,True,False,False
0,0.46054392255126714,0.006633293737388231,0.4419663382056632,0.4709037613858571,0.005107664743783711,0.0049824003873284485,3.1940970968898894e-05,0.016247142389816813,0.003679506930799397,0.013921279205552424,6.260351242959317e-08,0.08845617095321534,-0.4524224169809337,0.009978501033259176,-0.47910856279227226,-0.441537607255714,0.13580882352941184,14.825268133722759,-139.41,97.66,30.003454545454545,0.013302159832656719,29.99,30.03,2.6141973505983474e-05,2.806866386116344e-07,2.5379902367131716e-05,2.7035113391075092e-05,-0.004284232512117982,0.00032858900581671637,-0.005473013581440188,-0.003408185644572927,2.243108552342022e-05,2.4084279614688685e-07,2.177719139845672e-05,2.3197443011399553e-05,0.03260080116489894,0.0003500351376657663,0.03165044714263938,0.03371460673889847,0.0042843718262124434,0.0003285782896587335,0.0034083642907480572,0.0054731202437122315,0.0995475113122172,-0.00027049568333974654,True,False,False
0,0.45695586013098843,0.005949955796209927,0.43932066088706834,0.4664903681928143,0.011606957689604487,0.01158310387807509,2.5004171886699606e-05,0.03629608629970884,0.009279203689635394,0.04157054340304901,6.365461542590101e-08,0.31940843105495326,-0.46537881401138376,0.010754192884117036,-0.48231112540219284,-0.45276423965145435,-0.028021481062747794,28.459962657686567,-222.02,152.98,29.974144144144145,0.017912335438232792,29.95,30.01,2.648524879375453e-05,1.5663901226904645e-06,2.1517743311263846e-05,3.3104220478867456e-05,-0.004205982617084275,0.005807254776508273,-0.0185473610389641,0.013110437850365163,2.272563242655693e-05,1.3440389570079119e-06,1.8463270968256787e-05,2.8405032258856593e-05,0.033028888562313154,0.001953393951868454,0.02683407475136817,0.041283191925181796,0.006560092826170866,0.0028900174287991337,4.345134769013232e-05,0.01854738989179538,0.11305822498586772,-0.00035784485784486194,True,False,False
0,0.45356053748785735,0.0048631221984431474,0.44513386861522947,0.4621933647881499,0.0005684381444973231,0.0013096610676047058,6.0475482232827e-07,0.006966179019636871,1.9170886616292578e-05,0.00019251873498912805,1.2022246130560799e-07,0.0020192372130195782,-0.46003778583763705,0.007818857422895547,-0.4729502958622976,-0.4490498138766441,0.08036764705882352,3.782141641174295,-10.79,8.87,29.974363636363634,0.014432841800399322,29.95,29.99,2.5620195068571456e-05,2.7622734369780716e-07,2.482816535915059e-05,2.5931639375112838e-05,-0.00840150864441799,0.000300307713658678,-0.008914616256421681,-0.008225226376452309,2.198337423065242e-05,2.3701650408966152e-07,2.1303774194142445e-05,2.2250608602771e-05,0.031950108320829326,0.0003444740966530045,0.03096239394388635,0.03233850034139241,0.008401576558609293,0.00030030542594498735,0.008225297349238546,0.008914676286206232,0.1719457013574661,0.00013867412032549353,True,False,False
0,0.44498186391061306,0.001351563033160802,0.4414752470226079,0.44855159280309514,0.0006139862653742794,0.0009990676541233806,4.184595313310134e-07,0.003956735204783022,0.0004881592846201868,0.0039814223238498715,1.1196229558751991e-07,0.04095623560031445,-0.4752567386731652,0.0008465584620951736,-0.4774887134811657,-0.47313691266310487,-0.00980780101752403,3.59745566940795,-10.58,8.53,29.970900900900897,0.012759990706005859,29.95,29.99,2.5524538509336937e-05,2.6710493408274184e-07,2.482816535915059e-05,2.6483376383093966e-05,-0.008444963583757948,0.00032902334000027296,-0.008914616256421681,-0.007537173177699278,2.1901296247497297e-05,2.291890326782788e-07,2.1303774194142445e-05,2.2724025807085277e-05,0.031830818150674074,0.00033309783762889363,0.03096239394388635,0.03302655354014544,0.008445030663514003,0.00032902077782727223,0.007537250629382926,0.008914676286206232,0.18541548897682306,-0.00017848367848367468,True,False,False
0,0.44170114814996486,0.0013417582148492959,0.4373399483572838,0.4442829523361118,0.0011545071782072369,0.002200446031840089,1.3519717757121429e-06,0.008841695774821199,0.0012631701452673306,0.005810426128847162,7.110886268701933e-08,0.048500625411422915,-0.4816872519839449,0.002896031825603756,-0.49280333205068133,-0.47757877000589943,0.6807635746606334,5.985797086638303,-27.6,60.07,29.961272727272725,0.013687809543839208,29.93,29.99,2.532934727929634e-05,1.1189210781050855e-06,1.544863622347148e-05,3.365595748684858e-05,-0.007573706430900097,0.0058131838384687575,-0.010974097468423571,0.031673839063925374,2.1733812672722042e-05,9.600887397115624e-07,1.3255681720799745e-05,2.8878449463170872e-05,0.031587401544111104,0.0013953699240866068,0.01926548956508484,0.04197124512393483,0.00907503675636331,0.0029615289084415873,4.937653146605946e-05,0.031673849284638185,0.16742081447963802,-4.6164596623311235e-05,True,False,False
0,0.4480274607090258,0.010880234536852064,0.41493315950976195,0.4595302707501048,0.012154227687121313,0.01284458549204787,6.952000162114235e-05,0.03987817069340507,0.008965421303673563,0.03417121970988434,4.43699265662012e-08,0.2919460458271525,-0.48125524976245265,0.02392043930869779,-0.51224390664996,-0.45133673393897955,-0.6652232899943458,81.72761622493591,-471.51,519.63,29.92801801801802,0.014511426207698594,29.91,29.95,2.559647786687091e-05,1.8405923694012916e-06,1.434516220750923e-05,3.64146425267542e-05,-0.007088476575013859,0.00604602588066815,-0.028875510766949435,0.03167183404210086,2.1963023717344792e-05,1.5793178293270486e-06,1.230884731217119e-05,3.124553548474225e-05,0.03192053137337162,0.002295342616223966,0.01788938316757878,0.045411511117699976,0.008089705184228548,0.004619689752364735,4.740147020741708e-05,0.031671842586323516,0.07235726399095534,-0.0002846612846612786,True,False,False
